INSERT INTO branch VALUES
(null , 'Kifisias ', 355 , 'Athens'),
(null , 'Amarisias Artemidos' , 5 , 'Athens'),
(null , 'Mezonos', 44 , 'Patra'),
(null , 'Aristomenous' , 5 , 'Kalamata'),
(null , 'Tsimiskh' , 55 , 'TsimiskhThesalonikh');

INSERT INTO phones VALUES
(1 , '2101111111'),
(1 ,  '2101222222'),
(2 , '2102222222'),
(2 , '2102333333'),
(3 , '2103333333'),
(4 ,  '2104444444'),
(5 ,  '2105555555');

INSERT INTO worker VALUES
('AK10311111' , 'Giannhs' , 'Vasiliou' ,'1547.55' ,1),
('AK10322222' , 'Artemis' ,'Papadopoulou' ,'1800.34',1),
('AK10333333' ,  'Georgia' ,'Makri' ,'2000',1),
('AK10344444' ,  'Greg' ,'Stephanopoulos' ,'1600',2),
('AK10355555' ,  'Iason', 'Raikos','1800.99',2),
('AK10366666' ,  'Maria', 'Papadopoulou' ,'2000',2),
('AK10377777' ,  'Orestis', 'Makris' , '1600.69',3),
('AK10388888' ,  'Damianos' , 'Papadopoulos' , '1500',3),
('AK10399999' , 'Iris' , 'Oikonomou' , '1400.55',3),
('AK10310000' ,  'John' ,'Politis','1400.55',4 ),
('AK10310111' ,  'Alkis' , 'Eleftheriadis' ,'1200.35',4 ),
('AK10310222' ,  'Andreas' , 'Georgiou' ,'1000.21',4),
('AK10310333' ,  'Giannhs', 'Stathopoulos' , '1900.56',5),
('AK10310444' ,  'Sofia' , 'Politi','1400.86',5),
('AK10310555' , 'Nikos' , 'Vasiliou','1600.96',5);

INSERT INTO admin VALUES
('AK10311111' , 'LOGISTICS' , 'Dimploma: Logistics Athens School of Business'),
('AK10322222' , 'ACCOUNTING' ,'Dimploma: Accounting Athens School of Business'),
('AK10333333' ,  'ADMINISTRATIVE' ,'Dimploma: Economics and Business Administration Athens School of Business'),
('AK10344444' ,  'LOGISTICS' ,'Dimploma: Economics Ionnina School of Busine'),
('AK10355555' ,  'ACCOUNTING', 'Dimploma: Economics Thesalonikh School of Business'),
('AK10366666' ,  'ADMINISTRATIVE', 'Dimploma: Tour Guide EKPA'),
('AK10377777' ,  'ADMINISTRATIVE', 'Dimploma: Tour Guide Patra School of Business'),
('AK10388888' ,  'ACCOUNTING' , 'Dimploma: Mathematics Thesalonikh APTH'),
('AK10399999' , 'LOGISTICS' , 'Dimploma: Volos Logistics School of Busines'),
('AK10310000' ,  'ADMINISTRATIVE' ,'Dimploma: Business Administration Patra School of Business'),
('AK10310111' ,  'ACCOUNTING' , 'Dimploma: Lamia School of Busines'),
('AK10310222' ,  'LOGISTICS' , 'Dimploma: Mathematics Athens School of Business'),
('AK10310333' ,  'ADMINISTRATIVE', 'Dimploma: Economics and Business Administration Lamia School of Business'),
('AK10310444' ,  'LOGISTICS' , 'Dimploma: Physics Thesalonikh'),
('AK10310555' , 'ACCOUNTING' , 'Dimploma: 53 Lykio Thesalonikhs');

INSERT INTO manages VALUES
('AK10311111' , 1),
('AK10322222' , 1),
('AK10333333' , 1),
('AK10344444' , 2),
('AK10355555' , 2),
('AK10366666' , 2),
('AK10377777' , 3),
('AK10388888' , 3),
('AK10399999' , 3),
('AK10310000' , 4),
('AK10310111' , 4),
('AK10310222' , 4),
('AK10310333' , 5),
('AK10310444' , 5),
('AK10310555' , 5);